상세영업상태명,지번주소,도로명주소,도로명우편번호,사업장명,업태구분명,좌표정보(X),좌표정보(Y)
영업,서울특별시 광진구 자양동 581-4 ,서울특별시 광진구 자양번영로 31 (자양동),5092,골드,단란주점,206577.288,447806.088
폐업,서울특별시 광진구 구의동 252-109번지 ,,,불야성,단란주점,207330.3474,448491.5017
폐업,서울특별시 광진구 중곡동 231-39번지 ,,,로얄,단란주점,207030.4556,451370.8195
폐업,서울특별시 광진구 화양동 115-7번지 ,,,만남소주방,단란주점,206244.3999,449468.6784
폐업,서울특별시 광진구 구의동 78-7번지 ,,,하여가,단란주점,207848.0747,449668.6988
영업,서울특별시 광진구 구의동 246-75 ,서울특별시 광진구 아차산로51길 4 (구의동),5044,두루한,단란주점,207482.6037,448345.6101
폐업,서울특별시 광진구 화양동 19-38번지 ,,,크리스탈,단란주점,206015.8566,449471.6014
폐업,서울특별시 광진구 중곡동 244-3번지 ,,,목로단란주점,단란주점,206994.4233,451181.8293
폐업,서울특별시 광진구 화양동 116-7번지 ,,,보스단란주점,단란주점,206217.6222,449481.2277
폐업,서울특별시 광진구 자양동 615-43번지 ,,,자유시인단란주점,단란주점,206847.0496,447818.63
폐업,서울특별시 광진구 자양동 608-19번지 ,,,스타영상가요반주단란,단란주점,206641.557,447859.977
영업,서울특별시 광진구 구의동 252-90 ,서울특별시 광진구 자양로 112 (구의동),5043,제이제이(JJ)노래주점,단란주점,207326.7236,448373.8358
폐업,서울특별시 광진구 구의동 246-16번지 ,,,가람단란주점,단란주점,207355.378,448341.8927
영업,서울특별시 광진구 자양동 624-30 ,"서울특별시 광진구 자양로13길 26, 지층 (자양동)",5057,궁전,단란주점,207234.6846,448107.573
폐업,서울특별시 광진구 군자동 91-7번지 ,,,오아시스,단란주점,206333.1761,450487.4483
폐업,서울특별시 광진구 화양동 18-32번지 ,,,황제단란주점,단란주점,206041.4888,449522.6242
폐업,서울특별시 광진구 중곡동 125-1번지 ,,,청록단란주점,단란주점,207610.9547,450813.1179
폐업,서울특별시 광진구 중곡동 245-1번지 ,,,비지니스킹카단란주점,단란주점,206952.8346,451192.7863
폐업,서울특별시 광진구 자양동 679-28번지 ,서울특별시 광진구 뚝섬로 680 (자양동),,태평양,단란주점,207450.4592,447746.3211
폐업,서울특별시 광진구 중곡동 341-7번지 ,,,무비스타단란주점,단란주점,207161.4559,450484.3861
폐업,서울특별시 광진구 자양동 779-11번지 ,,,보스비지니스단란주점,단란주점,207264.3764,448406.9758
폐업,서울특별시 광진구 자양동 607-14번지 ,,,만남단란주점,단란주점,206787.81,447805.8488
폐업,서울특별시 광진구 자양동 7-22번지 ,,,피플피플단란주점,단란주점,205952.3938,448664.2635
영업,서울특별시 광진구 구의동 243-22 ,서울특별시 광진구 아차산로 413 (구의동),5044,당근노래주점,단란주점,207749.1213,448413.8608
영업,서울특별시 광진구 자양동 45-34 ,서울특별시 광진구 뚝섬로 492 (자양동),5085,라이브(술있는 노래방),단란주점,205670.8189,448202.8825
폐업,서울특별시 광진구 구의동 199-6번지 ,,,코리아나단란주점,단란주점,208385.6149,448722.9525
폐업,서울특별시 광진구 화양동 111-72번지 ,,,청기와단란주점,단란주점,206508.8515,449413.7287
폐업,서울특별시 광진구 중곡동 78-1번지 ,,,카사,단란주점,207696.7007,450745.9991
폐업,서울특별시 광진구 중곡동 647-20번지 ,,,힐탑,단란주점,207025.7957,450766.8495
폐업,서울특별시 광진구 화양동 112-12번지 ,,,돌바람호프단란주점,단란주점,206385.9234,449411.9133
폐업,서울특별시 광진구 자양동 278-4번지 ,,,그래그래단란주점,단란주점,,
폐업,서울특별시 광진구 구의동 252-116번지 ,,,로렐라이단란주점,단란주점,207398.6172,448394.7818
폐업,서울특별시 광진구 화양동 111-93번지 ,,,씨에프단란주점,단란주점,206456.174,449319.5187
폐업,서울특별시 광진구 화양동 206-0번지 ,,,도시호프단란주점,단란주점,206376.2506,449455.0461
영업,서울특별시 광진구 자양동 607-17 ,서울특별시 광진구 뚝섬로 608 (자양동),5099,쉘리단란주점,단란주점,206752.4758,447819.0704
폐업,서울특별시 광진구 구의동 246-31번지 ,,,황실단란주점,단란주점,207380.5402,448360.6995
폐업,서울특별시 광진구 화양동 23-40번지 ,,,러브포트단란주점,단란주점,205855.6394,449404.7443
폐업,서울특별시 광진구 화양동 8-27번지 ,,,스파트,단란주점,206101.5911,448768.0997
폐업,서울특별시 광진구 화양동 8-100번지 ,,,돌고래,단란주점,206068.0154,448761.6323
폐업,서울특별시 광진구 화양동 112-17번지 ,,,엠티브이단란주점,단란주점,206349.0913,449427.4204
영업,서울특별시 광진구 구의동 54-20번지 ,서울특별시 광진구 천호대로 681 (구의동),4954,골드,단란주점,207965.6355,449806.78
폐업,서울특별시 광진구 구의동 252-130 ,서울특별시 광진구 아차산로51길 31 (구의동),5043,올리브,단란주점,207429.6707,448459.5368
영업,서울특별시 광진구 자양동 628-33 ,서울특별시 광진구 자양로 71 (자양동),5056,아지트,단란주점,207366.8051,447998.4856
폐업,서울특별시 광진구 자양동 779-10번지 ,,,여울목단란주점,단란주점,,
영업,서울특별시 광진구 자양동 627-2,서울특별시 광진구 자양로 87 (자양동),5056,평야7080,단란주점,207320.1734,448158.3168
폐업,서울특별시 광진구 자양동 9-31번지 ,,,드라마단란주점,단란주점,205887.5155,448665.5986
영업,서울특별시 광진구 구의동 219-28,서울특별시 광진구 아차산로 455 (구의동),5046,멜론노래,단란주점,208126.0548,448589.3739
폐업,서울특별시 광진구 화양동 21-1번지 ,,,영 단란주점,단란주점,206010.2688,449527.1618
폐업,서울특별시 광진구 구의동 257-97번지 ,,,억불,단란주점,207448.6302,448555.4002
폐업,서울특별시 광진구 화양동 21-38번지 ,,,청록,단란주점,205966.6491,449499.9441
폐업,서울특별시 광진구 중곡동 340-3번지 ,,,뮤즈단란주점,단란주점,207324.4805,451013.4638
폐업,서울특별시 광진구 자양동 9-3번지 ,,,환타지아,단란주점,205857.8802,448682.0795
폐업,서울특별시 광진구 구의동 227-6번지 ,,,그린단란주점,단란주점,207938.1602,449059.8757
폐업,서울특별시 광진구 화양동 17-10번지 ,,,천리향단란주점,단란주점,206086.3741,449463.5471
폐업,서울특별시 광진구 능동 96-6번지 ,,,비지니스단란주점,단란주점,,
폐업,서울특별시 광진구 화양동 116-9번지 ,,,다운타운단란주점,단란주점,206218.6103,449470.4013
폐업,서울특별시 광진구 자양동 6-76번지 ,,,귀빈단란주점,단란주점,205960.1301,448639.0202
폐업,서울특별시 광진구 구의동 229-43번지 ,,,만남단란주점,단란주점,207884.5732,449151.6963
폐업,서울특별시 광진구 자양동 24-5번지 ,,,포룸 노래주점,단란주점,205548.6898,448653.0858
폐업,서울특별시 광진구 광장동 21번지 ,서울특별시 광진구 워커힐로 177 (광장동),4963,시로코(sirocco),단란주점,209766.9736,450385.0007
폐업,서울특별시 광진구 구의동 599-7번지 ,,,영빈,단란주점,208048.0519,447876.2881
폐업,서울특별시 광진구 중곡동 239-56번지 ,,,태평양,단란주점,206842.0184,451291.3399
영업,서울특별시 광진구 중곡동 169-30,서울특별시 광진구 면목로 170 (중곡동),4904,무쏘 단란주점,단란주점,207240.2015,451773.6153
폐업,서울특별시 광진구 자양동 3-5번지 ,,,꽃반지단란주점,단란주점,206043.4287,448409.3559
폐업,서울특별시 광진구 자양동 236-103번지 ,,,피디단란주점,단란주점,205391.3824,448379.4805
폐업,서울특별시 광진구 화양동 483-1번지 ,,,하이마트단란주점,단란주점,206774.5871,449265.4933
폐업,서울특별시 광진구 군자동 477-19번지 ,,,무쏘단란주점,단란주점,206884.9509,450471.512
폐업,서울특별시 광진구 자양동 7-17번지 ,,,여정단란주점,단란주점,205981.5303,448685.2572
폐업,서울특별시 광진구 화양동 202-0번지 ,서울특별시 광진구 광나루로 386-3 (화양동),5009,기차길,단란주점,206358.937,449462.2455
폐업,서울특별시 광진구 중곡동 92-5번지 ,,,다이아몬드단란주점,단란주점,207753.5982,450393.4249
폐업,서울특별시 광진구 화양동 20-29번지 ,,,초원단란주점,단란주점,205961.765,449472.1818
폐업,서울특별시 광진구 화양동 19-7번지 ,,,금비,단란주점,206032.8303,449470.0936
폐업,서울특별시 광진구 화양동 21-41번지 ,,,천지단란주점,단란주점,205955.0647,449500.9083
폐업,서울특별시 광진구 자양동 680-25 ,서울특별시 광진구 자양로 56 (자양동),5052,두리수단란주점,단란주점,207474.5265,447856.9625
폐업,서울특별시 광진구 중곡동 163-2번지 ,,,시바단란주점,단란주점,207167.1152,451109.393
영업,서울특별시 광진구 광장동 185-2번지 ,서울특별시 광진구 아차산로78길 177 (광장동),4969,힐링,단란주점,209495.8403,449477.4782
영업,서울특별시 광진구 화양동 225-0,서울특별시 광진구 광나루로 396 (화양동),5009,샴푸,단란주점,206432.2038,449440.6524
폐업,서울특별시 광진구 화양동 17-5번지 ,,,투투킹단란주점,단란주점,206112.5703,449464.4526
영업,서울특별시 광진구 화양동 48-23번지 ,서울특별시 광진구 아차산로25길 8 (화양동),5019,슈퍼스타,단란주점,205829.2778,448837.4143
폐업,서울특별시 광진구 중곡동 340-2번지 ,,,미미단란주점,단란주점,207305.011,451025.0089
폐업,서울특별시 광진구 중곡동 211-29번지 ,,,공간단란주점,단란주점,207242.7237,451854.4985
폐업,서울특별시 광진구 광장동 317-1번지 ,,,바카라,단란주점,209410.5164,449397.1565
폐업,서울특별시 광진구 자양동 3-1번지 ,,,투타임단란주점,단란주점,206058.6047,448402.6334
폐업,서울특별시 광진구 자양동 216-9번지 ,,,서향단란주점,단란주점,207444.549,448263.8953
폐업,서울특별시 광진구 능동 276-2번지 ,,,무비스타단란주점,단란주점,206972.7216,450495.8932
폐업,서울특별시 광진구 광장동 102-0번지 ,,,오케이단란주점,단란주점,209734.2186,449933.5477
폐업,서울특별시 광진구 군자동 467-19번지 ,,,홍콩단란주점,단란주점,206690.4924,450609.5546
폐업,서울특별시 광진구 중곡동 256-4번지 ,,,라이브,단란주점,206887.3099,451041.0198
폐업,서울특별시 광진구 자양동 794-1번지 (구: 228-203) ,"서울특별시 광진구 아차산로 314 (자양동,(구: 228-203))",5053,뉴욕,단란주점,206790.3459,448383.5723
폐업,서울특별시 광진구 구의동 248-88번지 ,,,파랑단란주점,단란주점,207478.7115,448735.8909
폐업,서울특별시 광진구 자양동 236-45번지 ,서울특별시 광진구 동일로 60 (자양동),5080,불난7080,단란주점,205409.872,448442.557
폐업,서울특별시 광진구 중곡동 140-29번지 ,,,윤,단란주점,207190.6003,450474.467
폐업,서울특별시 광진구 중곡동 117-33번지 ,,,상아,단란주점,207714.2975,450297.0695
폐업,서울특별시 광진구 구의동 589-8번지 ,,,죠이비지네스,단란주점,,
폐업,서울특별시 광진구 구의동 257-72번지 ,,,뉴욕단란,단란주점,207455.4422,448492.422
폐업,서울특별시 광진구 구의동 228-1번지 ,,,신세대단란주점,단란주점,207948.083,449133.2043
영업,서울특별시 광진구 구의동 246-24,서울특별시 광진구 아차산로49길 10 (구의동),5044,카라,단란주점,207413.3572,448348.6246
폐업,서울특별시 광진구 구의동 54-13번지 ,,,월드컵단란주점,단란주점,207979.883,449841.0768
폐업,서울특별시 광진구 자양동 624-25번지 ,,,센스(SENSE),단란주점,207247.6413,448145.3581
폐업,서울특별시 광진구 화양동 112-3번지 ,,,하이바단란주점,단란주점,206397.9512,449409.7657
폐업,서울특별시 광진구 자양동 624-26번지 ,,,다모아단란주점,단란주점,207252.3838,448128.0467
폐업,서울특별시 광진구 자양동 658-133번지 ,,,청화단란주점,단란주점,207442.563,447820.7032
폐업,서울특별시 광진구 중곡동 80-11번지 ,,,르네상스단란주점,단란주점,207732.8112,450547.4421
폐업,서울특별시 광진구 화양동 18-3번지 ,,,서편제,단란주점,206134.0781,449495.063
폐업,서울특별시 광진구 군자동 473-19번지 ,,,타워,단란주점,206836.8135,450561.2677
폐업,서울특별시 광진구 능동 131-4번지 ,,,까투리단란주점,단란주점,,
폐업,서울특별시 광진구 중곡동 198-42번지 ,,,까뮤,단란주점,207275.4773,451840.4054
영업,서울특별시 광진구 중곡동 117-7번지 ,서울특별시 광진구 용마산로 17-1 (중곡동),4931,더블유노래빠,단란주점,207708.5475,450339.0742
폐업,서울특별시 광진구 중곡동 38-10번지 ,,,찬스노래방주점,단란주점,207396.0842,451012.4331
폐업,서울특별시 광진구 구의동 257-103번지 ,,,은하수단란주점,단란주점,207508.8857,448423.2513
폐업,서울특별시 광진구 구의동 252-81번지 ,,,연예인단란주점,단란주점,207426.946,448486.8286
폐업,서울특별시 광진구 구의동 246-13번지 ,,,오늘같은날단란주점,단란주점,207418.4817,448333.1576
영업,서울특별시 광진구 자양동 624-42번지 ,서울특별시 광진구 자양로13길 40 (자양동),5057,더블류(W),단란주점,207181.0275,448047.3083
폐업,서울특별시 광진구 화양동 119-5번지 ,,,요요기,단란주점,206173.2554,449477.8207
폐업,서울특별시 광진구 자양동 634-0번지 ,,,황제단란주점,단란주점,207081.7704,447893.8011
폐업,서울특별시 광진구 자양동 24-6번지 ,,,오아시스단란주점,단란주점,205540.0826,448702.3068
폐업,서울특별시 광진구 자양동 2-9번지 ,,,투미,단란주점,206094.7066,448582.0836
폐업,서울특별시 광진구 능동 95-5번지 ,,,삼정,단란주점,,
폐업,서울특별시 광진구 화양동 7-11번지 ,,,예매골단란주점,단란주점,206084.5646,448732.7276
폐업,서울특별시 광진구 군자동 471-1번지 ,,,태평양단란주점,단란주점,206715.164,450559.9479
영업,서울특별시 광진구 군자동 473-17 ,"서울특별시 광진구 군자로 183, 지층 (군자동)",4996,7080남행열차,단란주점,206842.9058,450529.4908
영업,서울특별시 광진구 구의동 243-19,서울특별시 광진구 아차산로 415 (구의동),5044,쿨,단란주점,207767.2954,448419.7274
폐업,서울특별시 광진구 구의동 53-6번지 ,,,궁전영상가요클럽단란주점,단란주점,207912.7322,449925.2853
폐업,서울특별시 광진구 중곡동 150-176번지 ,,,아바론단란주점,단란주점,207479.4406,450948.2704
폐업,서울특별시 광진구 화양동 114-5번지 ,,,카카단란주점,단란주점,206247.9521,449443.9732
폐업,서울특별시 광진구 화양동 23-28 ,서울특별시 광진구 동일로 170 (화양동),5007,바나나,단란주점,205860.7175,449443.4169
폐업,서울특별시 광진구 광장동 188-2번지 ,서울특별시 광진구 아차산로78길 147 (광장동),4969,더존노래클럽,단란주점,209602.114,449468.7096
폐업,서울특별시 광진구 구의동 212-17번지 ,,,리버타운,단란주점,208158.85,448619.5409
폐업,서울특별시 광진구 자양동 3-9번지 ,,,백야,단란주점,206034.9917,448413.0416
폐업,서울특별시 광진구 중곡동 117-6번지 ,,,하모니단란주점,단란주점,207706.3332,450355.3445
폐업,서울특별시 광진구 화양동 94-9번지 ,,,아이비단란주점,단란주점,206377.7035,449262.408
폐업,서울특별시 광진구 구의동 252-6번지 ,,,가배단란주점,단란주점,207428.8683,448444.8946
폐업,서울특별시 광진구 화양동 132-63번지 ,,,그린단란주점,단란주점,206155.0152,449406.1971
영업,서울특별시 광진구 화양동 111-206번지 ,서울특별시 광진구 능동로 171 (화양동),5009,피터팬노래하는소주방,단란주점,206403.5376,449318.8629
폐업,서울특별시 광진구 구의동 252-57번지 ,,,강변단란주점,단란주점,207425.8251,448533.5201
영업,서울특별시 광진구 중곡동 37-4번지 ,서울특별시 광진구 긴고랑로 79 (중곡동),4937,스타라이브,단란주점,207414.8537,450995.0555
폐업,서울특별시 광진구 구의동 252-115번지 ,,,휘가로단란주점,단란주점,207413.4603,448398.4022
폐업,서울특별시 광진구 중곡동 169-29번지 ,,,영쓰리단란주점,단란주점,207232.5565,451764.0097
영업,서울특별시 광진구 중곡동 193-52,서울특별시 광진구 면목로 132-1 (중곡동),4908,삼정,단란주점,207087.8449,451428.3931
폐업,서울특별시 광진구 구의동 252-16번지 ,,,맨티스단란주점,단란주점,207342.7661,448444.7546
폐업,서울특별시 광진구 화양동 111-128번지 ,,,소주박스,단란주점,206431.273,449404.4
폐업,서울특별시 광진구 화양동 206-0번지 ,,,새도시,단란주점,206376.2506,449455.0461
영업,서울특별시 광진구 화양동 7-11,서울특별시 광진구 동일로22길 102 (화양동),5018,엔젤,단란주점,206084.5646,448732.7276
영업,서울특별시 광진구 군자동 476-1번지 ,서울특별시 광진구 군자로 182 (군자동),4997,무지개,단란주점,206845.6033,450493.5071
폐업,서울특별시 광진구 자양동 679-22 ,서울특별시 광진구 자양로5길 14 (자양동),5103,노래팡팡,단란주점,207441.2607,447720.5814
폐업,서울특별시 광진구 구의동 79-25,서울특별시 광진구 자양로 235 (구의동),4993,백두천지,단란주점,207705.6073,449505.8741
영업,서울특별시 광진구 구의동 234-27 ,서울특별시 광진구 광나루로 508 (구의동),5031,쎄시봉,단란주점,207534.5677,449173.2693
폐업,서울특별시 광진구 중곡동 172-59번지 ,,,크린크단란주점,단란주점,207181.1961,451641.7171
폐업,서울특별시 광진구 자양동 1-9번지 ,서울특별시 광진구 동일로20길 119 (자양동),5073,올인,단란주점,206120.1571,448593.4079
폐업,서울특별시 광진구 화양동 216-0번지 ,,,엔에치케이단란주점,단란주점,206405.8447,449450.171
영업,서울특별시 광진구 중곡동 244-3번지 ,서울특별시 광진구 긴고랑로 34 (중곡동),4914,탑노래바,단란주점,206994.4233,451181.8293
폐업,서울특별시 광진구 구의동 595-0번지 ,,,동서울호텔사브단란주점,단란주점,208051.8847,447994.8056
폐업,서울특별시 광진구 능동 236-5번지 ,,,사라단란주점,단란주점,207246.4439,450358.7209
폐업,서울특별시 광진구 구의동 55-13번지 ,,,카네기단란주점,단란주점,208029.5624,449898.7458
폐업,서울특별시 광진구 자양동 7-43번지 ,,,차차차단란주점,단란주점,206045.7073,448651.9623
영업,서울특별시 광진구 중곡동 92-9 ,서울특별시 광진구 용마산로 16 (중곡동),4950,콜미,단란주점,207760.534,450312.9516
영업,서울특별시 광진구 자양동 634-12,서울특별시 광진구 자양로13길 83 (자양동),5061,7080라이브일번지,단란주점,207056.0649,447871.3098
폐업,서울특별시 광진구 중곡동 247-6번지 ,,,뉴둥근성,단란주점,206841.6147,451251.6927
폐업,서울특별시 광진구 화양동 48-22번지 ,,,스타단란주점,단란주점,205839.5294,448833.2523
폐업,서울특별시 광진구 광장동 186-0번지 ,,,갈채단란주점,단란주점,209559.4784,449524.3415
폐업,서울특별시 광진구 자양동 2-47번지 ,,,남행열차,단란주점,206058.9001,448430.2534
폐업,서울특별시 광진구 화양동 111-107번지 ,,,캣츠단란주점,단란주점,206327.1256,449447.9618
폐업,서울특별시 광진구 구의동 71-28번지 ,,,사라사태단란주점,단란주점,207899.1077,449654.3773
폐업,서울특별시 광진구 화양동 21-23번지 ,,,일송단란주점,단란주점,206002.3044,449507.5874
폐업,서울특별시 광진구 구의동 246-72번지 ,,,하와이,단란주점,207472.7511,448379.2507
폐업,서울특별시 광진구 구의동 53-10번지 ,,,행복단란주점,단란주점,207881.3259,450008.6025
영업,서울특별시 광진구 자양동 608-19번지 ,서울특별시 광진구 뚝섬로 596 (자양동),5098,월드,단란주점,206641.557,447859.977
폐업,서울특별시 광진구 자양동 1-2번지 ,,,보스킹,단란주점,206130.5819,448587.8325
폐업,서울특별시 광진구 구의동 246-96번지 ,,,대벌,단란주점,207527.3338,448405.7492
영업,서울특별시 광진구 구의동 218-16,서울특별시 광진구 아차산로 442 (구의동),5047,태평양7080,단란주점,208041.679,448478.0965
폐업,서울특별시 광진구 자양동 657-16번지 ,,,강변단란주점,단란주점,207400.5788,447913.0325
폐업,서울특별시 광진구 화양동 48-20번지 ,,,무릉도원단란주점,단란주점,205857.0476,448825.8264
폐업,서울특별시 광진구 구의동 246-12번지 ,,,파레스단란주점,단란주점,207406.7938,448369.1273
폐업,서울특별시 광진구 구의동 125-25번지 ,,,프로하우스,단란주점,207978.5469,449175.0186
폐업,서울특별시 광진구 화양동 21-38번지 ,,,청록단란주점,단란주점,205966.6491,449499.9441
폐업,서울특별시 광진구 화양동 45-82번지 ,,,사브단란주점,단란주점,205821.8985,448867.0379
폐업,서울특별시 광진구 구의동 246-59번지 ,,,크로바단란주점,단란주점,207455.6405,448372.0209
영업,서울특별시 광진구 광장동 322-3,서울특별시 광진구 아차산로76길 32 (광장동),4969,한강썸라이브,단란주점,209433.056,449426.8922
영업,서울특별시 광진구 자양동 624-29 ,서울특별시 광진구 자양로13길 22 (자양동),5057,가희,단란주점,207242.9399,448116.7783
폐업,서울특별시 광진구 구의동 599-8번지 ,,,제우스,단란주점,208051.9537,447854.806
폐업,서울특별시 광진구 구의동 226-4번지 ,,,유람선,단란주점,207906.6744,449045.6908
폐업,서울특별시 광진구 화양동 121-9번지 ,,,만남 단란주점,단란주점,206198.4716,449452.1814
폐업,서울특별시 광진구 구의동 243-30번지 ,,,동서울비지니스,단란주점,207656.0114,448448.7274
폐업,서울특별시 광진구 화양동 17-12번지 ,,,세계로단란주점,단란주점,206073.1203,449449.446
폐업,서울특별시 광진구 화양동 9-86번지 ,,,신세대단란주점,단란주점,206040.6803,448773.1404
폐업,서울특별시 광진구 화양동 111-34번지 ,서울특별시 광진구 능동로19길 23 (화양동),5009,시카코블스,단란주점,206333.0208,449427.0495
폐업,서울특별시 광진구 구의동 246-40번지 ,,,윈단란주점,단란주점,207528.016,448344.155
영업,서울특별시 광진구 중곡동 163-1 ,서울특별시 광진구 긴고랑로 50 (중곡동),4914,별과음악사이,단란주점,207145.533,451119.0177
폐업,서울특별시 광진구 화양동 111-106번지 ,서울특별시 광진구 능동로19길 24 (화양동),5009,필,단란주점,206341.1878,449444.126
영업,서울특별시 광진구 화양동 119-4 ,서울특별시 광진구 군자로 52 (화양동),5009,투투,단란주점,206168.2616,449491.4001
폐업,서울특별시 광진구 구의동 199-6번지 ,,,람바다단란주점,단란주점,208385.6149,448722.9525
폐업,서울특별시 광진구 화양동 111-84번지 ,,,느낌단란주점,단란주점,206459.1888,449331.7758
폐업,서울특별시 광진구 구의동 257-76번지 ,,,탤런트단란주점,단란주점,207456.5121,448476.7479
폐업,서울특별시 광진구 자양동 216-23번지 ,,,7080뮤직,단란주점,207481.1674,448276.0786
폐업,서울특별시 광진구 중곡동 157-4번지 ,,,가시나무새,단란주점,207055.508,450542.1879
영업,서울특별시 광진구 구의동 246-31,서울특별시 광진구 자양로18길 14 (구의동),5044,콘서트7080,단란주점,207380.5402,448360.6995
폐업,서울특별시 광진구 자양동 246-5번지 ,서울특별시 광진구 동일로 68 (자양동),5080,청기와,단란주점,205442.842,448517.5757
폐업,서울특별시 광진구 화양동 207-0번지 ,,,리틀죤단란주점,단란주점,206366.696,449440.9836
폐업,서울특별시 광진구 중곡동 231-39번지 ,서울특별시 광진구 면목로 123 (중곡동),4911,코리아나타운,단란주점,207030.4556,451370.8195
폐업,서울특별시 광진구 화양동 18-26번지 ,,,샬루트,단란주점,206134.7436,449480.5892
폐업,서울특별시 광진구 화양동 19-48번지 ,,,라스트단란주점,단란주점,206044.0747,449469.872
폐업,서울특별시 광진구 자양동 236-9번지 ,,,오렌지영상민속주점,단란주점,205375.6219,448331.5293
폐업,서울특별시 광진구 자양동 228-133번지 ,,,봉쥴,단란주점,,
영업,서울특별시 광진구 광장동 325-4 ,서울특별시 광진구 아차산로76가길 4 (광장동),4969,중일단란주점,단란주점,209430.3684,449472.3936
폐업,서울특별시 광진구 구의동 218-15번지 ,,,싸이판,단란주점,208058.8787,448482.3241
폐업,서울특별시 광진구 중곡동 131-9 ,서울특별시 광진구 천호대로 603 (중곡동),4930,뉴카지노단란주점,단란주점,207430.2521,450357.2972
영업,서울특별시 광진구 자양동 203-5 ,서울특별시 광진구 동일로 36 (자양동),5081,에이스단란주점,단란주점,205321.2847,448212.7421
영업,서울특별시 광진구 중곡동 162-10 ,서울특별시 광진구 능동로 347-1 (중곡동),4915,진라이브,단란주점,207096.3042,450926.6026
폐업,서울특별시 광진구 화양동 41-8번지 ,,,씨월드단란주점,단란주점,205769.8191,449232.7207
폐업,서울특별시 광진구 화양동 46-48번지 ,,,라그메니아단란주점,단란주점,205881.3502,448841.1917
폐업,서울특별시 광진구 구의동 212-2번지 ,,,샹제리제단란주점,단란주점,208261.7488,448701.6585
폐업,서울특별시 광진구 자양동 617-25번지 ,,,벤허,단란주점,207016.0906,447865.3729
영업,서울특별시 광진구 구의동 200-2,서울특별시 광진구 광나루로 608 (구의동),5034,제일,단란주점,208353.0818,448772.0878
폐업,서울특별시 광진구 화양동 226-0번지 ,,,나사단란주점,단란주점,206417.9877,449430.0608
영업,서울특별시 광진구 구의동 252-116 ,서울특별시 광진구 자양로18길 17 (구의동),5043,벤츠노래주점,단란주점,207398.6172,448394.7818
폐업,서울특별시 광진구 구의동 246-19번지 ,,,로타리단란주점,단란주점,207349.4133,448291.2473
폐업,서울특별시 광진구 자양동 615-14번지 ,,,발리단란주점,단란주점,206789.4207,447840.3621
폐업,서울특별시 광진구 화양동 119-5번지 ,,,요요기단란주점,단란주점,206173.2554,449477.8207
폐업,서울특별시 광진구 자양동 6-31번지 ,,,둘리단란주점,단란주점,205940.1684,448647.3796
폐업,서울특별시 광진구 구의동 252-43번지 ,,,아리랑단란주점,단란주점,207340.2924,448374.7206
폐업,서울특별시 광진구 중곡동 117-2번지 ,,,카멜레온단란주점,단란주점,207697.5287,450419.243
폐업,서울특별시 광진구 능동 222-3번지 ,,,로마단란주점,단란주점,207107.3622,450416.3913
폐업,서울특별시 광진구 자양동 7-7번지 ,,,월드컵단란주점,단란주점,206062.3416,448644.931
폐업,서울특별시 광진구 구의동 248-88번지 ,,,프린스단란주점,단란주점,207478.7115,448735.8909
영업,서울특별시 광진구 자양동 249-5,서울특별시 광진구 동일로12길 2 (자양동),5079,엠비씨노래방단란주점,단란주점,205458.0294,448534.9281
폐업,서울특별시 광진구 구의동 246-61번지 ,,,유명,단란주점,207462.6329,448350.5738
폐업,서울특별시 광진구 화양동 206-0번지 2F ,,,파티,단란주점,206376.2506,449455.0461
폐업,서울특별시 광진구 자양동 2-47번지 ,,,남행열차단란주점,단란주점,206058.9001,448430.2534
폐업,서울특별시 광진구 구의동 246-10번지 ,,,뉴비지니스단란주점,단란주점,207438.6744,448349.3086
폐업,서울특별시 광진구 군자동 477-15번지 ,,,황제,단란주점,,
폐업,서울특별시 광진구 구의동 223-65번지 ,,,그린투단란주점,단란주점,207866.8047,448680.6447
영업,서울특별시 광진구 구의동 244-19,서울특별시 광진구 아차산로 421 (구의동),5045,체리,단란주점,207840.4272,448448.4874
폐업,서울특별시 광진구 구의동 599-0번지 ,,,모노단란주점,단란주점,208047.38,447937.9176
폐업,서울특별시 광진구 화양동 8-100번지 ,서울특별시 광진구 동일로22길 95 (화양동),5017,행쇼,단란주점,206068.0154,448761.6323
폐업,서울특별시 광진구 화양동 17-51번지 ,,,블랙홀,단란주점,206099.9645,449354.5636
폐업,서울특별시 광진구 화양동 23-18번지 ,,,파트너단란주점,단란주점,205866.1097,449455.2947
폐업,서울특별시 광진구 군자동 463-9번지 ,,,삼정단란주점,단란주점,206484.5318,450741.1132
폐업,서울특별시 광진구 구의동 218-1번지 ,,,월드컵단란주점,단란주점,208166.4686,448569.8007
폐업,서울특별시 광진구 구의동 227-43번지 ,,,아리아단란주점,단란주점,207931.6087,449040.5375
영업,서울특별시 광진구 자양동 1-3번지 ,서울특별시 광진구 아차산로 242 (자양동),5073,펌프,단란주점,206109.9871,448630.833
폐업,서울특별시 광진구 광장동 530-37번지 ,,,보물섬,단란주점,,
폐업,서울특별시 광진구 구의동 221-12번지 ,,,청솔단란주점,단란주점,207828.8476,448635.5766
영업,서울특별시 광진구 화양동 48-22번지 ,서울특별시 광진구 동일로22길 48 (화양동),5019,뮤직타운,단란주점,205839.5294,448833.2523
폐업,서울특별시 광진구 자양동 4-1번지 ,,,샤브단란주점,단란주점,205998.5696,448429.4796
영업,서울특별시 광진구 화양동 47-5번지 ,서울특별시 광진구 아차산로29길 33 (화양동),5018,짱,단란주점,205999.4278,448902.6328
폐업,서울특별시 광진구 군자동 478-1 ,서울특별시 광진구 천호대로 546 (군자동),4997,썬노래바,단란주점,206880.2162,450544.7584
폐업,서울특별시 광진구 자양동 677-7번지 ,,,탈랜트,단란주점,207491.509,447717.4451
폐업,서울특별시 광진구 자양동 8-4번지 ,서울특별시 광진구 아차산로 214 (자양동),5072,보스단란주점,단란주점,205862.0001,448736.6403
폐업,"서울특별시 광진구 능동 237-2번지 ,11 ",,,나사,단란주점,,
폐업,서울특별시 광진구 화양동 8-24번지 ,,,삼학년삼반청개구리단란주점,단란주점,206122.1147,448756.3778
폐업,서울특별시 광진구 군자동 355-10번지 ,,,피플,단란주점,205932.9775,449586.5194
폐업,서울특별시 광진구 화양동 94-82번지 ,,,팍스팍단란주점,단란주점,206395.3361,449289.8332
폐업,서울특별시 광진구 자양동 7-8번지 ,,,티케이오단란주점,단란주점,206010.3046,448637.4524
영업,서울특별시 광진구 중곡동 31-10,서울특별시 광진구 능동로 380 (중곡동),4934,궁전노래주점,단란주점,207262.1804,451204.0591
폐업,서울특별시 광진구 자양동 2-9번지 ,,,투미단란주점,단란주점,206094.7066,448582.0836
영업,서울특별시 광진구 군자동 476-18번지 ,서울특별시 광진구 능동로35길 9 (군자동),4997,7080 라이브,단란주점,206856.1538,450488.3789
폐업,서울특별시 광진구 구의동 252-3번지 ,,,테니스클럽단란주점,단란주점,207421.5144,448550.3859
영업,서울특별시 광진구 화양동 5-73번지 ,서울특별시 광진구 아차산로33길 16 (화양동),5017,락,단란주점,206142.0817,448757.3545
폐업,서울특별시 광진구 능동 222-4번지 ,,,소피아단란주점,단란주점,207132.6922,450416.1782
폐업,서울특별시 광진구 구의동 252-6번지 ,,,원투쓰리단란주점,단란주점,207428.8683,448444.8946
영업,서울특별시 광진구 구의동 54-5번지 ,서울특별시 광진구 자양로 275 (구의동),4954,꽃피는산골,단란주점,207975.5581,449815.8503
폐업,서울특별시 광진구 화양동 9-47 ,서울특별시 광진구 아차산로29길 38 (화양동),5018,더블유,단란주점,206028.4332,448915.258
폐업,서울특별시 광진구 화양동 112-12번지 ,,,울퉁불퉁단란주점,단란주점,206385.9234,449411.9133
폐업,서울특별시 광진구 중곡동 150-202번지 ,,,이삭단란주점,단란주점,207452.1712,450915.1583
영업,서울특별시 광진구 군자동 473-15 ,서울특별시 광진구 능동로35길 18 (군자동),4996,산타페노래방주점,단란주점,206826.5638,450528.5733
폐업,서울특별시 광진구 구의동 257-76번지 ,,,탈렌트,단란주점,207456.5121,448476.7479
폐업,서울특별시 광진구 자양동 779-3번지 ,,,대왕,단란주점,207186.0816,448336.6977
폐업,서울특별시 광진구 구의동 68-34번지 ,,,윙크단란주점,단란주점,207517.7207,449235.5036
영업,서울특별시 광진구 구의동 252-18 ,서울특별시 광진구 아차산로49길 29 (구의동),5043,포썸,단란주점,207375.4015,448441.0034
영업,서울특별시 광진구 중곡동 647-19,서울특별시 광진구 능동로 327-1 (중곡동),4918,스윙7080라이브,단란주점,207019.0917,450753.9756
폐업,서울특별시 광진구 구의동 246-19번지 ,,,로타리,단란주점,207349.4133,448291.2473
폐업,서울특별시 광진구 중곡동 31-24번지 ,,,갈채단란주점,단란주점,207273.9042,451232.3348
폐업,서울특별시 광진구 구의동 229-8번지 ,,,청록단란주점,단란주점,207860.9667,449155.8874
폐업,서울특별시 광진구 군자동 473-22번지 ,,,비지니스쓰리랑,단란주점,206806.7321,450575.9032
폐업,서울특별시 광진구 자양동 7-29번지 ,,,나포리,단란주점,205937.9549,448670.4659
폐업,서울특별시 광진구 구의동 53-15번지 ,,,탑단란주점,단란주점,207890.3502,449984.9213
폐업,서울특별시 광진구 구의동 199-8 ,서울특별시 광진구 아차산로 480 (구의동),5117,첼린지,단란주점,208346.8443,448693.1741
영업,서울특별시 광진구 자양동 1-20번지 ,서울특별시 광진구 동일로20길 113 (자양동),5073,금강산단란주점,단란주점,206087.728,448604.8998
영업,서울특별시 광진구 중곡동 80-11,서울특별시 광진구 용마산로 40 (중곡동),4949,캉캉노래짱,단란주점,207732.8112,450547.4421
폐업,"서울특별시 광진구 광장동 산 21번지 워커힐호텔내 14,15층 ",,,Clock 16,단란주점,,
영업,서울특별시 광진구 화양동 45-82 ,서울특별시 광진구 아차산로25길 13 (화양동),5019,슈퍼스타2,단란주점,205821.8985,448867.0379
영업,서울특별시 광진구 구의동 257-122번지 ,서울특별시 광진구 자양로18길 53 (구의동),5042,라이브7080백마강,단란주점,207564.5887,448441.7819
폐업,서울특별시 광진구 구의동 68-37번지 ,,,피플단란주점,단란주점,207526.5902,449223.7496
영업,서울특별시 광진구 중곡동 172-59번지 ,서울특별시 광진구 면목로 156 (중곡동),4908,스타단란주점,단란주점,207181.1961,451641.7171
폐업,서울특별시 광진구 중곡동 161-44번지 ,,,동경,단란주점,207032.6074,450682.4497
폐업,서울특별시 광진구 구의동 257-92번지 ,,,코리아나단란주점,단란주점,207536.4579,448435.2669
폐업,서울특별시 광진구 자양동 6-43번지 ,,,스파크단란주점,단란주점,205898.7338,448615.9564
폐업,서울특별시 광진구 구의동 246-10번지 ,,,서편제,단란주점,207438.6744,448349.3086
폐업,서울특별시 광진구 구의동 246-59번지 ,,,크로바단란주점,단란주점,207455.6405,448372.0209
폐업,서울특별시 광진구 자양동 219-5번지 ,,,월드컵,단란주점,207233.6953,448245.7076
폐업,서울특별시 광진구 광장동 184-2번지 ,,,휘닉스단란주점,단란주점,209545.7653,449560.044
영업,서울특별시 광진구 구의동 246-70번지 ,서울특별시 광진구 자양로18길 34 (구의동),5044,퀸 노래장,단란주점,207484.2064,448394.5836
영업,서울특별시 광진구 광장동 322-7,서울특별시 광진구 아차산로76가길 11 (광장동),4969,리버,단란주점,209416.9562,449424.2331
폐업,서울특별시 광진구 능동 222-3번지 ,,,로마단란주점,단란주점,207107.3622,450416.3913
영업,서울특별시 광진구 중곡동 245-1번지 ,서울특별시 광진구 면목로 105 (중곡동),4913,가연7080 라이브,단란주점,206952.8346,451192.7863
폐업,서울특별시 광진구 중곡동 92-47번지 ,,,연예인단란주점,단란주점,207741.3618,450440.7306
폐업,서울특별시 광진구 구의동 246-3번지 ,,,아이엔지단란주점,단란주점,207564.4762,448369.5689
폐업,서울특별시 광진구 자양동 2-53번지 ,,,콘서트,단란주점,206072.3158,448432.8838
폐업,서울특별시 광진구 자양동 2-46번지 ,서울특별시 광진구 동일로18길 119 (자양동),5073,쥬만지단란주점,단란주점,206048.5227,448434.804
폐업,서울특별시 광진구 화양동 48-31번지 ,,,미가도단란주점,단란주점,205925.0083,448796.7767
영업,서울특별시 광진구 자양동 24-30 ,서울특별시 광진구 동일로 88 (자양동),5071,테스,단란주점,205530.1096,448683.4396
영업,서울특별시 광진구 구의동 257-123 ,서울특별시 광진구 자양로18길 49 (구의동),5042,투투7080라이브,단란주점,207548.7323,448438.582
폐업,서울특별시 광진구 화양동 47-77번지 ,,,쎄시(VIP),단란주점,205943.5704,448815.9061
폐업,서울특별시 광진구 화양동 7-28번지 ,,,젯트영상가요단란주점,단란주점,205998.9313,448769.3173
폐업,서울특별시 광진구 구의동 252-77번지 ,,,아방궁,단란주점,207421.1303,448507.2456
폐업,서울특별시 광진구 구의동 252-117번지 ,,,모닥불단란주점,단란주점,207397.3989,448410.5826
폐업,서울특별시 광진구 화양동 47-67번지 ,,,아파치,단란주점,205908.6839,448831.0736
영업,"서울특별시 광진구 구의동 252-3 ,51 ","서울특별시 광진구 아차산로51길 49 (구의동,,51)",5043,수노래주점,단란주점,207421.5144,448550.3859
영업,서울특별시 광진구 구의동 246-8 지하1층,"서울특별시 광진구 자양로18길 26, 지하1층 (구의동)",5044,벤틀리,단란주점,207451.9786,448383.349
영업,서울특별시 광진구 화양동 114-5 ,서울특별시 광진구 능동로19길 41 (화양동),5009,님프,단란주점,206247.9521,449443.9732
폐업,서울특별시 광진구 구의동 223-65번지 ,,,씨맨단란주점,단란주점,207866.8047,448680.6447
폐업,서울특별시 광진구 화양동 203-0번지 ,,,찌프단란주점,단란주점,206347.8889,449452.7495
영업,서울특별시 광진구 광장동 323-2,서울특별시 광진구 아차산로78길 182 (광장동),4969,리치노래주점,단란주점,209466.6238,449489.3333
폐업,서울특별시 광진구 자양동 2-47번지 ,"서울특별시 광진구 동일로18길 121, 지하1층 (자양동)",5073,남행열차노래장,단란주점,206058.9001,448430.2534
폐업,서울특별시 광진구 화양동 132-1번지 ,,,월드단란주점,단란주점,,
폐업,서울특별시 광진구 구의동 242-82번지 ,,,린다,단란주점,207630.2925,448462.687
폐업,서울특별시 광진구 중곡동 117-6번지 ,,,하모니,단란주점,207706.3332,450355.3445
폐업,서울특별시 광진구 화양동 7-38번지 ,,,뉴스타,단란주점,206048.6184,448748.1976
폐업,서울특별시 광진구 구의동 257-103번지 ,,,은하수단란주점,단란주점,207508.8857,448423.2513
영업,서울특별시 광진구 화양동 49-14번지 ,서울특별시 광진구 동일로22길 40 (화양동),5020,가온,단란주점,205794.7956,448852.3032
영업,서울특별시 광진구 광장동 186,"서울특별시 광진구 아차산로78길 165, 지하1층 (광장동)",4969,송앤푸드,단란주점,209559.4784,449524.3415
폐업,서울특별시 광진구 구의동 199-6번지 ,,,람바다,단란주점,208385.6149,448722.9525
폐업,서울특별시 광진구 구의동 246-47번지 ,,,월드컵단란주점,단란주점,207483.5859,448359.1285
폐업,서울특별시 광진구 자양동 779-10번지 ,,,별궁,단란주점,,
폐업,서울특별시 광진구 구의동 221-12번지 ,서울특별시 광진구 구의로 21 (구의동),5041,골드,단란주점,207828.8476,448635.5766
폐업,서울특별시 광진구 구의동 252-43번지 ,,,아리랑,단란주점,207340.2924,448374.7206
폐업,서울특별시 광진구 화양동 17-1번지 ,,,파라오단란주점,단란주점,206136.3135,449461.6286
폐업,서울특별시 광진구 중곡동 245-1번지 ,,,뉴비지니스킹카,단란주점,206952.8346,451192.7863
폐업,서울특별시 광진구 구의동 243-30번지 ,,,동서울비지니스단란주점,단란주점,207656.0114,448448.7274
폐업,서울특별시 광진구 구의동 246-40번지 ,서울특별시 광진구 아차산로 389 (구의동),5044,세븐,단란주점,207528.016,448344.155
폐업,서울특별시 광진구 구의동 68-34번지 ,,,윙크 단란주점,단란주점,207517.7207,449235.5036
영업,서울특별시 광진구 화양동 111-161번지 ,서울특별시 광진구 능동로19길 36 (화양동),5009,화음노래광장,단란주점,206276.7696,449466.3607
폐업,서울특별시 광진구 자양동 679-31번지 ,,,쉬작,단란주점,207459.2549,447773.81
폐업,서울특별시 광진구 화양동 21-41번지 ,,,천지단란주점,단란주점,205955.0647,449500.9083
폐업,서울특별시 광진구 광장동 21 ,서울특별시 광진구 워커힐로 177 (광장동),4963,리바(Re:BAR),단란주점,209766.9736,450385.0007
폐업,서울특별시 광진구 광장동 188-2번지 ,"서울특별시 광진구 아차산로78길 147, 지하1층 (광장동)",4969,썸,단란주점,209602.114,449468.7096
